,Title,Img,Disc,Rating,Review,Price,Discount
0,Potato 1 kg,,500 g,4.2,"(5,237)",₹20,47% off
1,Budweiser Non-Alcoholic Can,,330 ml,3.5,(309),₹48,40% off
2,Shubhalaxmi Food Peanut (Whole),,250 g,4.2,(943),₹19,62% off
3,SAVE HEALTH Poha,,0.5 kg,4.2,(134),₹29,58% off
4,Ghadi Detergent Bar,,"800 g, Pack of 5",4.1,(248),₹40,35% off
5,Sreebhog Dalia Broken Wheat,,500 g,4.2,(336),₹21,40% off
6,colin Glass Cleaner Pump,,250 ml,4.1,(376),₹60,50% off
7,MAYBELLINE NEW YORK Colossal Kajal Promo,,"Black, 0.7 g",4.5,"(38,569)",₹187,45% off
8,realme Buds Air 2 with Active Noise Cancellation (ANC) ...,,"Closer Black, True Wireless",4.7,(100),"₹3,299",34% off
9,Kissan Mixed Fruit Jam 100 g,,100 g,4.4,"(2,265)",₹20,14% off
10,Potato 1 kg,,500 g,4.2,"(5,237)",₹20,47% off
11,Budweiser Non-Alcoholic Can,,330 ml,3.5,(309),₹48,40% off
12,Shubhalaxmi Food Peanut (Whole),,250 g,4.2,(943),₹19,62% off
13,SAVE HEALTH Poha,,0.5 kg,4.2,(134),₹29,58% off
14,Ghadi Detergent Bar,,"800 g, Pack of 5",4.1,(248),₹40,35% off
15,Sreebhog Dalia Broken Wheat,,500 g,4.2,(336),₹21,40% off
16,colin Glass Cleaner Pump,,250 ml,4.1,(376),₹60,50% off
17,MAYBELLINE NEW YORK Colossal Kajal Promo,,"Black, 0.7 g",4.5,"(38,569)",₹187,45% off
18,realme Buds Air 2 with Active Noise Cancellation (ANC) ...,,"Closer Black, True Wireless",4.7,(100),"₹3,299",34% off
19,Kissan Mixed Fruit Jam 100 g,,100 g,4.4,"(2,265)",₹20,14% off
20,Potato 1 kg,,500 g,4.2,"(5,237)",₹20,47% off
21,Budweiser Non-Alcoholic Can,,330 ml,3.5,(309),₹48,40% off
22,Shubhalaxmi Food Peanut (Whole),,250 g,4.2,(943),₹19,62% off
23,SAVE HEALTH Poha,,0.5 kg,4.2,(134),₹29,58% off
24,Ghadi Detergent Bar,,"800 g, Pack of 5",4.1,(248),₹40,35% off
25,Sreebhog Dalia Broken Wheat,,500 g,4.2,(336),₹21,40% off
26,colin Glass Cleaner Pump,,250 ml,4.1,(376),₹60,50% off
27,MAYBELLINE NEW YORK Colossal Kajal Promo,,"Black, 0.7 g",4.5,"(38,569)",₹187,45% off
28,realme Buds Air 2 with Active Noise Cancellation (ANC) ...,,"Closer Black, True Wireless",4.7,(100),"₹3,299",34% off
29,Kissan Mixed Fruit Jam 100 g,,100 g,4.4,"(2,265)",₹20,14% off
30,Potato 1 kg,,500 g,4.2,"(5,237)",₹20,47% off
31,Budweiser Non-Alcoholic Can,,330 ml,3.5,(309),₹48,40% off
32,Shubhalaxmi Food Peanut (Whole),,250 g,4.2,(943),₹19,62% off
33,SAVE HEALTH Poha,,0.5 kg,4.2,(134),₹29,58% off
34,Ghadi Detergent Bar,,"800 g, Pack of 5",4.1,(248),₹40,35% off
35,Sreebhog Dalia Broken Wheat,,500 g,4.2,(336),₹21,40% off
36,colin Glass Cleaner Pump,,250 ml,4.1,(376),₹60,50% off
37,MAYBELLINE NEW YORK Colossal Kajal Promo,,"Black, 0.7 g",4.5,"(38,569)",₹187,45% off
38,realme Buds Air 2 with Active Noise Cancellation (ANC) ...,,"Closer Black, True Wireless",4.7,(100),"₹3,299",34% off
39,Kissan Mixed Fruit Jam 100 g,,100 g,4.4,"(2,265)",₹20,14% off
40,Potato 1 kg,,500 g,4.2,"(5,237)",₹20,47% off
41,Budweiser Non-Alcoholic Can,,330 ml,3.5,(309),₹48,40% off
42,Shubhalaxmi Food Peanut (Whole),,250 g,4.2,(943),₹19,62% off
43,SAVE HEALTH Poha,,0.5 kg,4.2,(134),₹29,58% off
44,Ghadi Detergent Bar,,"800 g, Pack of 5",4.1,(248),₹40,35% off
45,Sreebhog Dalia Broken Wheat,,500 g,4.2,(336),₹21,40% off
46,colin Glass Cleaner Pump,,250 ml,4.1,(376),₹60,50% off
47,MAYBELLINE NEW YORK Colossal Kajal Promo,,"Black, 0.7 g",4.5,"(38,569)",₹187,45% off
48,realme Buds Air 2 with Active Noise Cancellation (ANC) ...,,"Closer Black, True Wireless",4.7,(100),"₹3,299",34% off
49,Kissan Mixed Fruit Jam 100 g,,100 g,4.4,"(2,265)",₹20,14% off
50,Watermelon Kiran 1 Units,,1.75 - 2.5 Kg,3.9,"(3,446)",₹27,51% off
51,Kabuli Chana,,500 g,4.3,"(4,464)",₹19,78% off
52,Budweiser Non-Alcoholic Can,,330 ml,3.5,(309),₹48,40% off
53,Parle's Cream n Onion Flavour Wafers,,70 g,4,(582),₹14,53% off
54,Vim Dishwash Bar,,300 g,4.1,(731),₹17,15% off
55,Tata  Crystal Iodized Salt,,1 kg,4.3,(848),₹18,35% off
56,Saffola Tasty Pro Fitness Conscious Blended Oil Can,,5 L,4.5,(338),₹726,12% off
57,Rajdhani Kabuli Chana (Whole),,500 g,4.3,(897),₹19,73% off
58,HE Respect Perfume Body Spray  -  For Men,,150 ml,4.1,"(2,124)",₹95,50% off
59,PARLE Khatta Meetha Mixture,,750 g,4.1,"(1,288)",₹74,63% off
60,Potato 1 kg,,500 g,4.2,"(5,237)",₹20,47% off
61,Budweiser Non-Alcoholic Can,,330 ml,3.5,(309),₹48,40% off
62,Shubhalaxmi Food Peanut (Whole),,250 g,4.2,(943),₹19,62% off
63,SAVE HEALTH Poha,,0.5 kg,4.2,(134),₹29,58% off
64,Ghadi Detergent Bar,,"800 g, Pack of 5",4.1,(248),₹40,35% off
65,Sreebhog Dalia Broken Wheat,,500 g,4.2,(336),₹21,40% off
66,colin Glass Cleaner Pump,,250 ml,4.1,(376),₹60,50% off
67,MAYBELLINE NEW YORK Colossal Kajal Promo,,"Black, 0.7 g",4.5,"(38,569)",₹187,45% off
68,realme Buds Air 2 with Active Noise Cancellation (ANC) ...,,"Closer Black, True Wireless",4.7,(100),"₹3,299",34% off
69,Kissan Mixed Fruit Jam 100 g,,100 g,4.4,"(2,265)",₹20,14% off
70,Potato 1 kg,,500 g,4.2,"(5,237)",₹20,47% off
71,Budweiser Non-Alcoholic Can,,330 ml,3.5,(309),₹48,40% off
72,Shubhalaxmi Food Peanut (Whole),,250 g,4.2,(943),₹19,62% off
73,SAVE HEALTH Poha,,0.5 kg,4.2,(134),₹29,58% off
74,Ghadi Detergent Bar,,"800 g, Pack of 5",4.1,(248),₹40,35% off
75,Sreebhog Dalia Broken Wheat,,500 g,4.2,(336),₹21,40% off
76,colin Glass Cleaner Pump,,250 ml,4.1,(376),₹60,50% off
77,MAYBELLINE NEW YORK Colossal Kajal Promo,,"Black, 0.7 g",4.5,"(38,569)",₹187,45% off
78,realme Buds Air 2 with Active Noise Cancellation (ANC) ...,,"Closer Black, True Wireless",4.7,(100),"₹3,299",34% off
79,Kissan Mixed Fruit Jam 100 g,,100 g,4.4,"(2,265)",₹20,14% off
80,Watermelon Kiran 1 Units,,1.75 - 2.5 Kg,3.9,"(3,446)",₹27,51% off
81,Kabuli Chana,,500 g,4.3,"(4,464)",₹19,78% off
82,Budweiser Non-Alcoholic Can,,330 ml,3.5,(309),₹48,40% off
83,Parle's Cream n Onion Flavour Wafers,,70 g,4,(582),₹14,53% off
84,Vim Dishwash Bar,,300 g,4.1,(731),₹17,15% off
85,Tata  Crystal Iodized Salt,,1 kg,4.3,(848),₹18,35% off
86,Saffola Tasty Pro Fitness Conscious Blended Oil Can,,5 L,4.5,(338),₹726,12% off
87,Rajdhani Kabuli Chana (Whole),,500 g,4.3,(897),₹19,73% off
88,HE Respect Perfume Body Spray  -  For Men,,150 ml,4.1,"(2,124)",₹95,50% off
89,PARLE Khatta Meetha Mixture,,750 g,4.1,"(1,288)",₹74,63% off
90,Watermelon Kiran 1 Units,,1.75 - 2.5 Kg,3.9,"(3,446)",₹27,51% off
91,Kabuli Chana,,500 g,4.3,"(4,464)",₹19,78% off
92,Budweiser Non-Alcoholic Can,,330 ml,3.5,(309),₹48,40% off
93,Parle's Cream n Onion Flavour Wafers,,70 g,4,(582),₹14,53% off
94,Vim Dishwash Bar,,300 g,4.1,(731),₹17,15% off
95,Tata  Crystal Iodized Salt,,1 kg,4.3,(848),₹18,35% off
96,Saffola Tasty Pro Fitness Conscious Blended Oil Can,,5 L,4.5,(338),₹726,12% off
97,Rajdhani Kabuli Chana (Whole),,500 g,4.3,(897),₹19,73% off
98,HE Respect Perfume Body Spray  -  For Men,,150 ml,4.1,"(2,124)",₹95,50% off
99,PARLE Khatta Meetha Mixture,,750 g,4.1,"(1,288)",₹74,63% off
100,Watermelon Kiran 1 Units,,1.75 - 2.5 Kg,3.9,"(3,446)",₹27,51% off
101,Kabuli Chana,,500 g,4.3,"(4,464)",₹19,78% off
102,Budweiser Non-Alcoholic Can,,330 ml,3.5,(309),₹48,40% off
103,Parle's Cream n Onion Flavour Wafers,,70 g,4,(582),₹14,53% off
104,Vim Dishwash Bar,,300 g,4.1,(731),₹17,15% off
105,Tata  Crystal Iodized Salt,,1 kg,4.3,(848),₹18,35% off
106,Saffola Tasty Pro Fitness Conscious Blended Oil Can,,5 L,4.5,(338),₹726,12% off
107,Rajdhani Kabuli Chana (Whole),,500 g,4.3,(897),₹19,73% off
108,HE Respect Perfume Body Spray  -  For Men,,150 ml,4.1,"(2,124)",₹95,50% off
109,PARLE Khatta Meetha Mixture,,750 g,4.1,"(1,288)",₹74,63% off
110,Potato 1 kg,,500 g,4.2,"(5,237)",₹20,47% off
111,Budweiser Non-Alcoholic Can,,330 ml,3.5,(309),₹48,40% off
112,Shubhalaxmi Food Peanut (Whole),,250 g,4.2,(943),₹19,62% off
113,SAVE HEALTH Poha,,0.5 kg,4.2,(134),₹29,58% off
114,Ghadi Detergent Bar,,"800 g, Pack of 5",4.1,(248),₹40,35% off
115,Sreebhog Dalia Broken Wheat,,500 g,4.2,(336),₹21,40% off
116,colin Glass Cleaner Pump,,250 ml,4.1,(376),₹60,50% off
117,MAYBELLINE NEW YORK Colossal Kajal Promo,,"Black, 0.7 g",4.5,"(38,569)",₹187,45% off
118,realme Buds Air 2 with Active Noise Cancellation (ANC) ...,,"Closer Black, True Wireless",4.7,(100),"₹3,299",34% off
119,Kissan Mixed Fruit Jam 100 g,,100 g,4.4,"(2,265)",₹20,14% off
120,Potato 1 kg,,500 g,4.2,"(5,237)",₹20,47% off
121,Budweiser Non-Alcoholic Can,,330 ml,3.5,(309),₹48,40% off
122,Shubhalaxmi Food Peanut (Whole),,250 g,4.2,(943),₹19,62% off
123,SAVE HEALTH Poha,,0.5 kg,4.2,(134),₹29,58% off
124,Ghadi Detergent Bar,,"800 g, Pack of 5",4.1,(248),₹40,35% off
125,Sreebhog Dalia Broken Wheat,,500 g,4.2,(336),₹21,40% off
126,colin Glass Cleaner Pump,,250 ml,4.1,(376),₹60,50% off
127,MAYBELLINE NEW YORK Colossal Kajal Promo,,"Black, 0.7 g",4.5,"(38,569)",₹187,45% off
128,realme Buds Air 2 with Active Noise Cancellation (ANC) ...,,"Closer Black, True Wireless",4.7,(100),"₹3,299",34% off
129,Kissan Mixed Fruit Jam 100 g,,100 g,4.4,"(2,265)",₹20,14% off
130,Watermelon Kiran 1 Units,,1.75 - 2.5 Kg,3.9,"(3,446)",₹27,51% off
131,Kabuli Chana,,500 g,4.3,"(4,464)",₹19,78% off
132,Budweiser Non-Alcoholic Can,,330 ml,3.5,(309),₹48,40% off
133,Parle's Cream n Onion Flavour Wafers,,70 g,4,(582),₹14,53% off
134,Vim Dishwash Bar,,300 g,4.1,(731),₹17,15% off
135,Tata  Crystal Iodized Salt,,1 kg,4.3,(848),₹18,35% off
136,Saffola Tasty Pro Fitness Conscious Blended Oil Can,,5 L,4.5,(338),₹726,12% off
137,Rajdhani Kabuli Chana (Whole),,500 g,4.3,(897),₹19,73% off
138,HE Respect Perfume Body Spray  -  For Men,,150 ml,4.1,"(2,124)",₹95,50% off
139,PARLE Khatta Meetha Mixture,,750 g,4.1,"(1,288)",₹74,63% off
140,Potato 1 kg,,500 g,4.2,"(5,237)",₹20,47% off
141,Budweiser Non-Alcoholic Can,,330 ml,3.5,(309),₹48,40% off
142,Shubhalaxmi Food Peanut (Whole),,250 g,4.2,(943),₹19,62% off
143,SAVE HEALTH Poha,,0.5 kg,4.2,(134),₹29,58% off
144,Ghadi Detergent Bar,,"800 g, Pack of 5",4.1,(248),₹40,35% off
145,Sreebhog Dalia Broken Wheat,,500 g,4.2,(336),₹21,40% off
146,colin Glass Cleaner Pump,,250 ml,4.1,(376),₹60,50% off
147,MAYBELLINE NEW YORK Colossal Kajal Promo,,"Black, 0.7 g",4.5,"(38,569)",₹187,45% off
148,realme Buds Air 2 with Active Noise Cancellation (ANC) ...,,"Closer Black, True Wireless",4.7,(100),"₹3,299",34% off
149,Kissan Mixed Fruit Jam 100 g,,100 g,4.4,"(2,265)",₹20,14% off
150,Watermelon Kiran 1 Units,,1.75 - 2.5 Kg,3.9,"(3,446)",₹27,51% off
151,Kabuli Chana,,500 g,4.3,"(4,464)",₹19,78% off
152,Budweiser Non-Alcoholic Can,,330 ml,3.5,(309),₹48,40% off
153,Parle's Cream n Onion Flavour Wafers,,70 g,4,(582),₹14,53% off
154,Vim Dishwash Bar,,300 g,4.1,(731),₹17,15% off
155,Tata  Crystal Iodized Salt,,1 kg,4.3,(848),₹18,35% off
156,Saffola Tasty Pro Fitness Conscious Blended Oil Can,,5 L,4.5,(338),₹726,12% off
157,Rajdhani Kabuli Chana (Whole),,500 g,4.3,(897),₹19,73% off
158,HE Respect Perfume Body Spray  -  For Men,,150 ml,4.1,"(2,124)",₹95,50% off
159,PARLE Khatta Meetha Mixture,,750 g,4.1,"(1,288)",₹74,63% off
160,Watermelon Kiran 1 Units,,1.75 - 2.5 Kg,3.9,"(3,446)",₹27,51% off
161,Kabuli Chana,,500 g,4.3,"(4,464)",₹19,78% off
162,Budweiser Non-Alcoholic Can,,330 ml,3.5,(309),₹48,40% off
163,Parle's Cream n Onion Flavour Wafers,,70 g,4,(582),₹14,53% off
164,Vim Dishwash Bar,,300 g,4.1,(731),₹17,15% off
165,Tata  Crystal Iodized Salt,,1 kg,4.3,(848),₹18,35% off
166,Saffola Tasty Pro Fitness Conscious Blended Oil Can,,5 L,4.5,(338),₹726,12% off
167,Rajdhani Kabuli Chana (Whole),,500 g,4.3,(897),₹19,73% off
168,HE Respect Perfume Body Spray  -  For Men,,150 ml,4.1,"(2,124)",₹95,50% off
169,PARLE Khatta Meetha Mixture,,750 g,4.1,"(1,288)",₹74,63% off
170,Potato 1 kg,,500 g,4.2,"(5,237)",₹20,47% off
171,Budweiser Non-Alcoholic Can,,330 ml,3.5,(309),₹48,40% off
172,Shubhalaxmi Food Peanut (Whole),,250 g,4.2,(943),₹19,62% off
173,SAVE HEALTH Poha,,0.5 kg,4.2,(134),₹29,58% off
174,Ghadi Detergent Bar,,"800 g, Pack of 5",4.1,(248),₹40,35% off
175,Sreebhog Dalia Broken Wheat,,500 g,4.2,(336),₹21,40% off
176,colin Glass Cleaner Pump,,250 ml,4.1,(376),₹60,50% off
177,MAYBELLINE NEW YORK Colossal Kajal Promo,,"Black, 0.7 g",4.5,"(38,569)",₹187,45% off
178,realme Buds Air 2 with Active Noise Cancellation (ANC) ...,,"Closer Black, True Wireless",4.7,(100),"₹3,299",34% off
179,Kissan Mixed Fruit Jam 100 g,,100 g,4.4,"(2,265)",₹20,14% off
180,Potato 1 kg,,500 g,4.2,"(5,237)",₹20,47% off
181,Budweiser Non-Alcoholic Can,,330 ml,3.5,(309),₹48,40% off
182,Shubhalaxmi Food Peanut (Whole),,250 g,4.2,(943),₹19,62% off
183,SAVE HEALTH Poha,,0.5 kg,4.2,(134),₹29,58% off
184,Ghadi Detergent Bar,,"800 g, Pack of 5",4.1,(248),₹40,35% off
185,Sreebhog Dalia Broken Wheat,,500 g,4.2,(336),₹21,40% off
186,colin Glass Cleaner Pump,,250 ml,4.1,(376),₹60,50% off
187,MAYBELLINE NEW YORK Colossal Kajal Promo,,"Black, 0.7 g",4.5,"(38,569)",₹187,45% off
188,realme Buds Air 2 with Active Noise Cancellation (ANC) ...,,"Closer Black, True Wireless",4.7,(100),"₹3,299",34% off
189,Kissan Mixed Fruit Jam 100 g,,100 g,4.4,"(2,265)",₹20,14% off
190,Potato 1 kg,,500 g,4.2,"(5,237)",₹20,47% off
191,Budweiser Non-Alcoholic Can,,330 ml,3.5,(309),₹48,40% off
192,Shubhalaxmi Food Peanut (Whole),,250 g,4.2,(943),₹19,62% off
193,SAVE HEALTH Poha,,0.5 kg,4.2,(134),₹29,58% off
194,Ghadi Detergent Bar,,"800 g, Pack of 5",4.1,(248),₹40,35% off
195,Sreebhog Dalia Broken Wheat,,500 g,4.2,(336),₹21,40% off
196,colin Glass Cleaner Pump,,250 ml,4.1,(376),₹60,50% off
197,MAYBELLINE NEW YORK Colossal Kajal Promo,,"Black, 0.7 g",4.5,"(38,569)",₹187,45% off
198,realme Buds Air 2 with Active Noise Cancellation (ANC) ...,,"Closer Black, True Wireless",4.7,(100),"₹3,299",34% off
199,Kissan Mixed Fruit Jam 100 g,,100 g,4.4,"(2,265)",₹20,14% off
200,Potato 1 kg,,500 g,4.2,"(5,237)",₹20,47% off
201,Budweiser Non-Alcoholic Can,,330 ml,3.5,(309),₹48,40% off
202,Shubhalaxmi Food Peanut (Whole),,250 g,4.2,(943),₹19,62% off
203,SAVE HEALTH Poha,,0.5 kg,4.2,(134),₹29,58% off
204,Ghadi Detergent Bar,,"800 g, Pack of 5",4.1,(248),₹40,35% off
205,Sreebhog Dalia Broken Wheat,,500 g,4.2,(336),₹21,40% off
206,colin Glass Cleaner Pump,,250 ml,4.1,(376),₹60,50% off
207,MAYBELLINE NEW YORK Colossal Kajal Promo,,"Black, 0.7 g",4.5,"(38,569)",₹187,45% off
208,realme Buds Air 2 with Active Noise Cancellation (ANC) ...,,"Closer Black, True Wireless",4.7,(100),"₹3,299",34% off
209,Kissan Mixed Fruit Jam 100 g,,100 g,4.4,"(2,265)",₹20,14% off
210,Flipkart Supermart Food Essentials Corn Flakes,,"100 g, Pouch",5,(4),₹50,97% off
211,Flipkart Supermart Select Wheat Flour (Atta),,1 kg,4.1,(209),₹1,98% off
212,AASHIRVAAD Shudh Chakki Atta,,10 kg,4.4,"(1,853)",₹305,23% off
213,Butterfly Rapid Kettle 1.5 Litre + Eco 750 Ml Water Bot...,,500 ml,4.3,"(1,28,677)",₹799,46% off
214,BRITANNIA Marie Gold Biscuits,,"480 g, Pack of 4",4.4,"(1,780)",₹52,13% off
215,Ghadi Detergent Bar,,"800 g, Pack of 5",4.1,(248),₹40,35% off
216,Capsicum Green 500 g,,"Black, In the Ear",4.2,"(1,996)",₹23,43% off
217,Vim Dishwash Bar,,"600 g, Pack of 3",4.3,(690),₹35,12% off
218,CONTINENTAL Xtra Instant Coffee,,"2 x 50 g, Chicory Flavoured",4.2,(451),₹115,50% off
219,Saffola Oats,,"1 kg, Pouch",4.5,"(51,786)",₹178,10% off
220,Watermelon Kiran 1 Units,,1.75 - 2.5 Kg,3.9,"(3,446)",₹27,51% off
221,Kabuli Chana,,500 g,4.3,"(4,464)",₹19,78% off
222,Budweiser Non-Alcoholic Can,,330 ml,3.5,(309),₹48,40% off
223,Parle's Cream n Onion Flavour Wafers,,70 g,4,(582),₹14,53% off
224,Vim Dishwash Bar,,300 g,4.1,(731),₹17,15% off
225,Tata  Crystal Iodized Salt,,1 kg,4.3,(848),₹18,35% off
226,Saffola Tasty Pro Fitness Conscious Blended Oil Can,,5 L,4.5,(338),₹726,12% off
227,Rajdhani Kabuli Chana (Whole),,500 g,4.3,(897),₹19,73% off
228,HE Respect Perfume Body Spray  -  For Men,,150 ml,4.1,"(2,124)",₹95,50% off
229,PARLE Khatta Meetha Mixture,,750 g,4.1,"(1,288)",₹74,63% off
230,Watermelon Kiran 1 Units,,1.75 - 2.5 Kg,3.9,"(3,446)",₹27,51% off
231,Kabuli Chana,,500 g,4.3,"(4,464)",₹19,78% off
232,Budweiser Non-Alcoholic Can,,330 ml,3.5,(309),₹48,40% off
233,Parle's Cream n Onion Flavour Wafers,,70 g,4,(582),₹14,53% off
234,Vim Dishwash Bar,,300 g,4.1,(731),₹17,15% off
235,Tata  Crystal Iodized Salt,,1 kg,4.3,(848),₹18,35% off
236,Saffola Tasty Pro Fitness Conscious Blended Oil Can,,5 L,4.5,(338),₹726,12% off
237,Rajdhani Kabuli Chana (Whole),,500 g,4.3,(897),₹19,73% off
238,HE Respect Perfume Body Spray  -  For Men,,150 ml,4.1,"(2,124)",₹95,50% off
239,PARLE Khatta Meetha Mixture,,750 g,4.1,"(1,288)",₹74,63% off
240,Watermelon Kiran 1 Units,,1.75 - 2.5 Kg,3.9,"(3,446)",₹27,51% off
241,Kabuli Chana,,500 g,4.3,"(4,464)",₹19,78% off
242,Budweiser Non-Alcoholic Can,,330 ml,3.5,(309),₹48,40% off
243,Parle's Cream n Onion Flavour Wafers,,70 g,4,(582),₹14,53% off
244,Vim Dishwash Bar,,300 g,4.1,(731),₹17,15% off
245,Tata  Crystal Iodized Salt,,1 kg,4.3,(848),₹18,35% off
246,Saffola Tasty Pro Fitness Conscious Blended Oil Can,,5 L,4.5,(338),₹726,12% off
247,Rajdhani Kabuli Chana (Whole),,500 g,4.3,(897),₹19,73% off
248,HE Respect Perfume Body Spray  -  For Men,,150 ml,4.1,"(2,124)",₹95,50% off
249,PARLE Khatta Meetha Mixture,,750 g,4.1,"(1,288)",₹74,63% off
